,title,url,thumbnail_url,channel,description
0,"Billie Eilish: Same Interview, The Fifth Year | Vanity Fair",https://www.youtube.com/watch?v=_wNsZEqpKUA,https://i.ytimg.com/vi/_wNsZEqpKUA/hqdefault.jpg?sqp=-oaymwEcCPYBEIoBSFXyq4qpAw4IARUAAIhCGAFwAcABBg==&rs=AOn4CLDg1rSssxGPzAGOPsWe4ZOijff2tA,Vanity Fair,"""I'm so much more open to stuff now."" On the verge of 100 million followers, Billie Eilish is ready to step back into the world as the most comfortable version of herself. Filled with new life..."
1,Redneck vs Fancy Whiskey Glass,https://www.youtube.com/watch?v=2jfbXZiE6Lc,https://i.ytimg.com/vi/2jfbXZiE6Lc/hqdefault.jpg?sqp=-oaymwEcCPYBEIoBSFXyq4qpAw4IARUAAIhCGAFwAcABBg==&rs=AOn4CLA7SJIX7Y0LFpd5Ya6QC2EwRGkMZw,Drew Talbert,I‚Äôm just shocked Brad was able to sell him in that $20 hooch Co-write w/ Andrea Kelley
2,Is Meat Really that Bad?,https://www.youtube.com/watch?v=F1Hq8eVOMHs,https://i.ytimg.com/vi/F1Hq8eVOMHs/hqdefault.jpg?sqp=-oaymwEcCPYBEIoBSFXyq4qpAw4IARUAAIhCGAFwAcABBg==&rs=AOn4CLCKGDw7hgBV5VkAu3TPgtVkuq7j-Q,Kurzgesagt ‚Äì In a Nutshell,"The first 1,000 people to use this link will get a 1 month free trial of Skillshare: https://skl.sh/kurzgesagtinanutshell11211 Sources & further reading: https://sites.google.com/view/sources-clim..."
3,Things Get Strange With The UnderTaker | Cold as Balls | Laugh Out Loud Network,https://www.youtube.com/watch?v=GQXVQmcGQUY,,LOL Network,"#PoweredByOldSpice Thought by many as one of the greatest #WWE wrestlers of all time; the #Undertaker gets into the ice-cold tub to chat with #KevinHart about his legacy of wrestling, plus..."
4,People Pleasers at a Restaurant,https://www.youtube.com/watch?v=n4XojTb6pfs,,Drew Talbert,I apologize for existing - please throw me out Co-write w/ Andrea Kelley #peoplepleasing #bistrohuddy #serverlife #restaurantlife #bartenderlife #funnyshorts #comedyshorts #socialanxiety...
5,Halo Infinite | Campaign Launch Trailer,https://www.youtube.com/watch?v=PyMlV5_HRWk,,HALO,"When all hope is lost and humanity‚Äôs fate hangs in the balance, the Master Chief is ready to confront the most ruthless foe he‚Äôs ever faced. Step inside the armor of humanity‚Äôs greatest..."
6,why can't you curse? #shorts,https://www.youtube.com/watch?v=qQsHZ87Q8uI,,Alex Griswold,
7,Minecraft Caves & Cliffs Update: Part II - Official Trailer,https://www.youtube.com/watch?v=vdrn4ouZRvQ,,Minecraft,"Scale bigger mountains, unearth elaborate caves, and mine large ore veins in Part II of the Caves & Cliffs Update! Discover lush cave and dripstone cave biomes, increased world height, and..."
8,Gatillero 23 ‚ùå Rochy RD ‚ùå Cosculluela - La Prenda (Remix),https://www.youtube.com/watch?v=omp8EjBkJDM,,Gatillero 23,"Vulcano Music Entertainment & Venus Music presentan LA PRENDA (Remix) interpretado por Gatillero 23 en colaboraci√≥n con Rochy RD y Cosculluela, filmado en Santiago de los Caballeros, Rep√∫blica..."
9,Imagine vaping ü§° üòÇ,https://www.youtube.com/watch?v=5Gfea7nHKO0,,ecomedyethann,#explore #viral #tiktok
